,user_id,user_name,birth_day,gender
0,1,김혜원,1986-03-19,women
1,2,김시온,1984-06-29,women
2,3,윤재원,1984-02-14,women
3,4,권한결,1981-03-27,women
4,5,이유나,1981-03-16,women
5,6,박서진,1981-10-24,women
6,7,강규민,1981-02-19,men
7,8,윤예진,1980-12-05,women
8,9,이준우,1990-10-02,men
9,10,윤도현,1985-04-14,men
10,11,이성준,1989-01-02,men
11,12,한지민,1987-09-04,women
12,13,최윤호,1988-08-21,men
13,14,이하연,1984-03-20,women
14,15,이민재,1983-05-05,men
15,16,김동현,1992-02-14,men
16,17,권소연,1992-11-22,women
17,18,박서준,1987-09-05,men
18,19,최예은,1984-07-11,women
19,20,윤세은,1980-02-02,women
20,21,권준,1982-06-17,men
21,22,강서연,1982-12-28,women
22,23,김윤성,1983-07-16,women
23,24,최윤지,1980-12-23,women
24,25,윤정민,1992-08-22,men
25,26,윤서윤,1980-01-21,women
26,27,강가윤,1991-05-11,women
27,28,최민석,1981-05-06,men
28,29,한이안,1988-06-12,women
29,30,이다은,1982-08-18,women
30,31,김규리,1992-09-14,women
31,32,한지율,1983-10-21,women
32,33,김민혁,1992-01-09,men
33,34,최도훈,1986-05-05,women
34,35,한수현,1980-10-26,women
35,36,박승원,1986-10-04,men
36,37,최태윤,1982-07-02,women
37,38,최윤서,1989-11-19,women
38,39,한지우,1987-07-02,women
39,40,강진우,1992-02-28,men
40,41,최정현,1985-01-18,men
41,42,이준희,1982-06-25,women
42,43,강민찬,1980-02-06,men
43,44,박서진,1986-03-13,women
44,45,박율,1990-09-21,women
45,46,윤주원,1992-03-01,women
46,47,윤유준,1984-10-19,women
47,48,윤이준,1992-10-10,women
48,49,윤지원,1991-05-03,women
49,50,이우빈,1989-12-13,women
50,51,한하준,1982-12-04,women
51,52,이윤재,1981-05-24,men
52,53,강시아,1990-02-20,women
53,54,김재민,1988-07-13,men
54,55,권지안,1983-03-01,women
55,56,권도연,1987-09-27,women
56,57,김민성,1986-07-24,women
57,58,윤태현,1987-11-26,men
58,59,권지율,1988-07-01,women
59,60,최지연,1988-01-21,women
60,61,최현준,1992-04-03,men
61,62,윤지은,1989-12-09,women
62,63,권아린,1985-03-27,women
63,64,강민규,1983-11-17,men
64,65,윤서은,1984-01-24,women
65,66,최서율,1987-05-12,women
66,67,박태민,1984-03-02,women
67,68,이승준,1987-06-03,men
68,69,강승아,1981-08-21,women
69,70,강시은,1983-01-06,women
70,71,한유진,1990-02-13,women
71,72,한민주,1991-03-09,women
72,73,박윤우,1990-03-28,men
73,74,김서우,1982-07-09,men
74,75,강채윤,1987-07-22,women
75,76,김예원,1988-09-17,women
76,77,권나은,1992-12-29,women
77,78,권지윤,1984-11-20,women
78,79,이시윤,1986-03-27,women
79,80,최소은,1981-12-23,women
80,81,권현수,1988-04-08,women
81,82,김수연,1982-06-01,women
82,83,한지현,1981-07-15,women
83,84,강나연,1981-07-30,women
84,85,권유찬,1991-06-24,women
85,86,강수빈,1981-04-07,women
86,87,최성현,1985-11-09,men
87,88,강하영,1991-01-07,women
88,89,권수현,1991-11-28,women
89,90,김사랑,1982-04-24,women
90,91,권예린,1985-12-18,women
91,92,김승현,1987-12-10,men
92,93,윤유빈,1982-01-20,women
93,94,한정우,1990-12-17,women
94,95,김서희,1991-06-02,women
95,96,한채원,1980-09-25,women
96,97,강은우,1983-03-04,women
97,98,박시현,1987-06-11,women
98,99,박예지,1990-07-07,women
99,100,박은채,1988-02-25,women
100,101,이강민,1985-06-16,men
101,102,김지성,1990-11-25,women
102,103,한태희,1986-03-26,women
103,104,이민아,1988-07-18,women
104,105,권다윤,1984-06-01,women
105,106,최서영,1981-09-01,women
106,107,김나윤,1988-09-06,women
107,108,박가은,1989-12-18,women
108,109,한세아,1992-10-12,women
109,110,최지안,1980-06-14,women
110,111,이다현,1980-02-18,women
111,112,한수민,1984-05-03,women
112,113,권하율,1984-12-24,women
113,114,이예나,1982-02-17,women
114,115,박수아,1987-10-15,women
115,116,강지훈,1991-01-14,women
116,117,이예빈,1992-03-19,women
117,118,한소율,1990-11-28,women
118,119,윤예림,1984-07-19,women
119,120,박준호,1987-06-08,men
120,121,강민지,1984-01-23,women
121,122,최예성,1981-07-22,women
122,123,이다온,1988-11-10,women
123,124,강아윤,1991-04-27,women
124,125,한유주,1988-05-30,women
125,126,권승우,1981-06-22,women
126,127,윤하린,1983-03-30,women
127,128,최현서,1990-10-07,women
128,129,김지후,1990-04-04,women
129,130,강지민,1989-10-16,women
130,131,권채은,1981-09-03,women
131,132,윤승민,1981-02-24,men
132,133,권서아,1982-02-17,women
133,134,최현우,1983-03-14,men
134,135,최지환,1986-08-03,men
135,136,김은서,1980-05-20,women
136,137,이시원,1986-05-24,women
137,138,최예서,1987-02-15,women
138,139,강하람,1990-03-05,men
139,140,최은호,1981-07-12,men
140,141,한민호,1991-11-30,men
141,142,권우진,1984-03-23,women
142,143,권서현,1988-07-04,women
143,144,박연우,1991-08-09,women
144,145,최채린,1984-08-20,women
145,146,권민채,1983-01-27,women
146,147,김선우,1991-08-01,men
147,148,한건우,1992-06-16,women
148,149,윤지아,1991-05-29,women
149,150,김민준,1992-12-02,men
150,151,최도윤,1992-08-30,men
151,152,김윤아,1985-10-06,women
152,153,강지한,1989-02-04,men
153,154,박아영,1990-06-27,women
154,155,이아인,1985-05-15,women
155,156,박지원,1986-09-20,women
156,157,윤시연,1985-09-30,women
157,158,강현서,1983-05-17,women
158,159,강주아,1992-09-29,women
159,160,윤준수,1984-12-14,men
160,161,한소민,1988-11-16,women
161,162,박시현,1984-03-06,women
162,163,윤재현,1984-06-03,men
163,164,권재윤,1988-03-07,women
164,165,윤채아,1981-10-30,women
165,166,한성민,1990-05-06,women
166,167,이소윤,1992-03-07,women
167,168,박태양,1990-02-01,men
168,169,권은성,1991-09-07,women
169,170,김민서,1980-08-23,men
170,171,김예찬,1981-10-06,men
171,172,김다인,1987-09-26,women
172,173,최시후,1992-11-30,women
173,174,최주하,1988-10-12,women
174,175,박준서,1989-10-30,men
175,176,이하윤,1989-02-01,women
176,177,강하민,1991-01-07,women
177,178,박준혁,1985-02-16,men
178,179,한지우,1983-04-01,women
179,180,한연서,1991-02-04,women
180,181,박나현,1992-06-21,women
181,182,강시우,1990-08-04,men
182,183,윤준성,1985-10-26,men
183,184,박은찬,1981-02-04,women
184,185,박다연,1981-08-22,women
185,186,한민우,1991-12-07,men
186,187,이준영,1981-04-03,women
187,188,한건,1986-08-21,men
188,189,윤서하,1990-01-23,women
189,190,권하율,1991-02-09,women
190,191,이예준,1988-03-13,women
191,192,한하진,1980-01-13,women
192,193,강연우,1988-08-08,men
193,194,김지완,1982-05-23,men
194,195,박하은,1986-07-25,women
195,196,권지호,1982-08-22,men
196,197,이수호,1985-09-12,men
197,198,윤지유,1980-04-30,women
198,199,박서우,1991-11-07,women
199,200,이지수,1984-02-25,women
